{"cameraMode":{"drawMode":0,"name":"Shaded","section":"Shading Mode"},"sceneLighting":true,"audioPlay":false,"sceneViewState":{"m_AlwaysRefresh":false,"showFog":true,"showSkybox":true,"showFlares":true,"showImageEffects":true,"showParticleSystems":true,"showVisualEffectGraphs":true,"m_FxEnabled":true},"in2DMode":false,"pivot":{"x":-3.476177453994751,"y":7.954269886016846,"z":77.67793273925781},"rotation":{"x":-0.18231137096881867,"y":-0.05336405709385872,"z":0.009909920394420624,"w":-0.9817450642585754},"size":1.2441414594650269,"orthographic":false}